<?xml version="1.0" encoding="UTF-8"?>

<beans
    xmlns="http://www.springframework.org/schema/beans" 
    xmlns:xsi="http://www.w3.org/2001/XMLSchema-instance" 
    xmlns:p="http://www.springframework.org/schema/p" 
    xsi:schemaLocation="http://www.springframework.org/schema/beans 
http://www.springframework.org/schema/beans/spring-beans-3.0.xsd">

<bean id="address1" class="com.coforge.training.springdemo.model.Address">

<!-- This Invokes Constructor () of Candidate class -->
	<constructor-arg value="Ghaziabad"></constructor-arg>
	<constructor-arg value="U.P."></constructor-arg>
	<constructor-arg value="India"></constructor-arg>
	<constructor-arg value="201009" type="Long"></constructor-arg>
</bean>

<bean id="candidate1" class="com.coforge.training.springdemo.model.Candidate">

<!-- This Invokes Constructor () of Candidate class -->
	<constructor-arg value="101" type="int"></constructor-arg>
	<constructor-arg value="Anubhav Singh"></constructor-arg>
	<constructor-arg ref="address1"> <!-- Referencing address object -->
	
	</constructor-arg>
</bean>


</beans>