<?xml version="1.0" encoding="UTF-8"?>

<beans
    xmlns="http://www.springframework.org/schema/beans" 
    xmlns:xsi="http://www.w3.org/2001/XMLSchema-instance" 
    xmlns:p="http://www.springframework.org/schema/p" 
    xsi:schemaLocation="http://www.springframework.org/schema/beans 
http://www.springframework.org/schema/beans/spring-beans-3.0.xsd">

<bean id="d1" class="com.coforge.training.springdemo.model.Developer">

<!-- This Invokes setter method- setName() of Developer class -->
<property name="empId" value="1"></property>
<property name="empName" value="Anubhav singh"></property>
<property name="tech">
	<list>
			<value> Spring Framework</value>
			<value> Hibernate</value>
			<value> Angular</value>
			<value> Web Html Css</value>
			<value> Java</value>
	</list>
</property>
</bean>

</beans>