<?xml version="1.0" encoding="UTF-8"?>

<beans
    xmlns="http://www.springframework.org/schema/beans" 
    xmlns:xsi="http://www.w3.org/2001/XMLSchema-instance" 
    xmlns:p="http://www.springframework.org/schema/p" 
    xsi:schemaLocation="http://www.springframework.org/schema/beans 
http://www.springframework.org/schema/beans/spring-beans-3.0.xsd">

<bean id="department" class="com.coforge.training.springdemo.model.Department">

<!-- This Invokes setter method- setName() of Department class -->
<property name="deptName" value="Computer Science"></property>
</bean>

<bean id="f1" class="com.coforge.training.springdemo.model.Faculty" autowire="byName">

<!-- This Invokes setter method- setName() of Department class -->
<property name="fId" value="107"></property>
<property name="fName" value="Varun"></property>
<!-- <property name ="depatment" ref="d1"></property>  --> <!-- Explicit object Injection -->
</bean>

</beans>