<?xml version="1.0" encoding="UTF-8"?>

<beans
    xmlns="http://www.springframework.org/schema/beans" 
    xmlns:xsi="http://www.w3.org/2001/XMLSchema-instance" 
    xmlns:p="http://www.springframework.org/schema/p" 
    xsi:schemaLocation="http://www.springframework.org/schema/beans 
http://www.springframework.org/schema/beans/spring-beans-3.0.xsd">

<bean id="p1" class="com.coforge.training.springdemo.model.Pupil">

<!-- This Invokes Constructor () of Book class -->
	<constructor-arg value="107" type="int"></constructor-arg>
	<constructor-arg value="Anubhav"></constructor-arg>
	<constructor-arg>
	<array>
	<value>Killing</value>
	<value>Bore a Person</value>
	<value>Social Media</value>
	</array>
	</constructor-arg>
</bean>

</beans>